symbol,market_cap_cr,current_price,pe_ratio,book_value,roce_pct,roe_pct,dividend_yield_pct,promoter_holding_pct,revenue_growth_3yr_pct,profit_growth_3yr_pct,latest_year_ocf_cr,debt_to_equity,as_of_quarter
360ONE,,1143.0,36.9,242.0,12.1,14.4,1.05,6.2,23.0,30.0,-2921.0,1.62,Jun 2026
3MINDIA,,34940.0,64.5,1906.0,40.5,30.5,0.46,75.0,53.0,7.0,643.0,0.01,Jun 2026
ABB,,7292.0,101.0,370.0,29.9,22.4,0.54,75.0,,17.0,1220.0,0.01,Jun 2026
ACC,,1356.0,13.4,1094.0,11.2,10.9,0.55,56.69,31.0,-12.0,-1364.0,0.02,Jun 2026
ACMESOLAR,,361.0,42.8,83.5,8.89,10.4,0.06,71.4,149.0,,1249.0,3.93,Jun 2026
AIAENG,,4564.0,33.4,860.0,21.1,17.0,0.35,58.5,7.0,10.0,592.0,0.0,Jun 2026
APLAPOLLO,,1893.0,43.7,191.0,31.6,25.3,0.3,28.25,23.0,6.0,2103.0,0.09,Jun 2026
AUBANK,,1031.0,227.0,,12.4,22.3,0.1,22.74,49.0,12.0,884.0,,Jun 2026
AWL,,188.0,20.8,80.3,18.3,10.7,0.53,56.94,22.0,-23.0,3928.0,0.11,Jun 2026
AADHARHFC,,491.0,19.4,173.0,11.4,15.9,0.0,64.66,25.0,,-2808.0,,Jun 2026
AARTIIND,,480.0,33.4,164.0,6.85,7.13,0.21,41.82,-9.0,1.0,775.0,0.83,Jun 2026
AAVAS,,1363.0,22.0,477.0,9.91,13.9,0.0,48.88,19.0,-4.0,-1987.0,,Jun 2026
ABBOTINDIA,,,,,,,,74.99,,,,,Jun 2026
ACE,,1057.0,28.8,169.0,31.7,22.9,0.19,65.42,38.0,14.0,417.0,0.0,Jun 2026
ACUTAAS,,3234.0,68.5,202.0,31.6,24.0,0.05,32.66,62.0,78.0,292.0,0.02,Jun 2026
ADANIENSOL,,1659.0,68.2,212.0,9.65,9.44,0.0,74.71,21.0,26.0,10997.0,1.93,Jun 2026
ADANIENT,,3049.0,174.0,627.0,5.8,-3.38,0.04,71.97,,8.0,2357.0,1.32,Jul 2026
ADANIGREEN,,1359.0,115.0,121.0,7.39,11.4,0.0,62.43,17.0,8.0,10135.0,5.19,Jun 2026
ADANIPORTS,,1664.0,28.8,416.0,14.1,16.4,0.45,66.03,27.0,29.0,20356.0,0.66,Jun 2026
ADANIPOWER,,209.0,28.3,33.7,17.2,21.1,0.0,74.96,6.0,56.0,20514.0,0.84,Jun 2026
ATGL,,650.0,113.0,44.2,15.3,14.4,0.04,74.8,6.0,-1.0,1149.0,0.46,Jun 2026
ABCAPITAL,,394.0,27.6,131.0,8.72,12.0,0.0,68.81,-7.0,26.0,-36544.0,,Jun 2026
ABFRL,,58.9,,47.8,-3.07,-11.7,0.0,46.61,,-9.0,161.0,1.06,Jun 2026
ABLBL,,94.4,57.7,11.6,15.0,14.9,0.53,46.6,,,1219.0,2.14,Jun 2026
ABREL,,1378.0,,331.0,-4.48,-2.64,0.18,50.21,,9.0,747.0,1.52,Jun 2026
ABSLAMC,,1009.0,28.8,140.0,32.2,25.2,2.53,74.72,18.0,35.0,812.0,0.02,Jun 2026
CPPLUS,,3260.0,105.0,159.0,28.6,25.4,0.05,74.71,48.0,,13.0,0.14,Jun 2026
AEGISLOG,,1249.0,50.4,173.0,13.3,16.3,0.7,58.1,24.0,48.0,2028.0,0.69,Jun 2026
AEGISVOPAK,,292.0,104.0,38.7,7.56,11.0,0.07,86.94,1472.0,,702.0,0.87,Jun 2026
AFCONS,,273.0,33.4,148.0,13.9,5.61,0.73,50.17,-11.0,,-127.0,0.67,Jun 2026
AFFLE,,1623.0,50.3,259.0,16.8,13.8,0.0,54.91,23.0,15.0,502.0,0.0,Jun 2026
AJANTPHARM,,3436.0,37.8,362.0,34.5,27.1,0.81,63.49,24.0,27.0,529.0,0.06,Jun 2026
ALKEM,,5816.0,28.5,1156.0,21.2,18.9,0.77,49.7,32.0,13.0,1963.0,0.15,Jun 2026
ABDL,,648.0,81.4,59.4,18.4,14.3,0.83,80.91,422.0,,362.0,0.69,Jun 2026
ARE&M,,907.0,29.9,442.0,12.2,7.18,1.17,32.86,-10.0,13.0,1118.0,0.05,Jun 2026
AMBER,,7401.0,132.0,1242.0,10.2,5.95,0.0,38.09,7.0,45.0,240.0,0.62,Jun 2026
AMBUJACEM,,434.0,22.9,240.0,5.61,8.85,0.46,67.33,21.0,-2.0,5362.0,0.01,Jun 2026
ANANDRATHI,,2039.0,72.8,60.1,59.2,47.3,0.32,41.37,33.0,91.0,281.0,0.08,Jun 2026
ANANTRAJ,,610.0,39.5,161.0,12.1,11.2,0.16,57.43,54.0,45.0,-435.0,0.12,Jun 2026
ANGELONE,,292.0,25.8,67.2,14.8,15.6,1.39,28.59,1.0,24.0,-4142.0,1.3,Jun 2026
ANTHEM,,784.0,74.5,54.2,30.4,22.3,0.25,71.42,21.0,,844.0,0.02,Jun 2026
ANURAS,,1211.0,81.2,293.0,7.36,5.5,0.06,59.07,-2.0,7.0,334.0,0.56,Jun 2026
APARINDS,,13745.0,45.8,1343.0,31.1,20.2,0.37,57.76,16.0,54.0,968.0,0.18,Jun 2026
APOLLOHOSP,,8988.0,66.1,659.0,17.9,22.1,0.22,28.02,34.0,20.0,2856.0,0.9,Jun 2026
APOLLOTYRE,,423.0,13.1,263.0,13.9,13.1,1.42,36.93,26.0,-1.0,3667.0,0.22,Jun 2026
APTUS,,277.0,14.7,101.0,15.4,20.1,1.62,23.86,23.0,-1.0,-489.0,,Jun 2026
ASAHIINDIA,,869.0,62.9,154.0,11.8,10.7,0.23,51.58,-1.0,15.0,502.0,0.56,Jun 2026
ASHOKLEY,,158.0,25.6,24.2,13.6,27.4,2.21,51.51,45.0,20.0,-4895.0,4.49,Jun 2026
ASIANPAINT,,2746.0,54.0,223.0,26.3,21.8,1.0,52.63,2.0,-7.0,7088.0,0.18,Jun 2026
ASTERDM,,814.0,174.0,88.3,11.4,10.7,0.61,53.72,-1.0,38.0,656.0,0.49,Jul 2026
ASTRAL,,1472.0,71.8,151.0,19.9,14.4,0.25,54.22,7.0,-9.0,1117.0,0.06,Jun 2026
ATHERENERG,,,,,,,,39.58,,,,,Jul 2026
ATUL,,6803.0,25.2,2113.0,14.9,11.5,0.44,45.33,9.0,0.0,1023.0,0.03,Jun 2026
AUROPHARMA,,1576.0,25.8,652.0,12.8,10.1,0.25,51.88,23.0,24.0,5526.0,0.21,Jun 2026
AIIL,,546.0,22.1,173.0,13.7,13.1,0.04,68.81,217.0,93.0,1524.0,,Jun 2026
DMART,,3874.0,82.6,375.0,17.2,12.9,0.0,74.48,8.0,1.0,3467.0,0.1,Jun 2026
AXISBANK,,1229.0,13.8,712.0,6.24,13.1,0.08,7.87,35.0,9.0,-8637.0,,Jun 2026
BEML,,1756.0,104.0,352.0,7.71,4.86,0.6,54.03,-2.0,20.0,118.0,0.11,Jun 2026
BLS,,239.0,14.3,59.8,29.3,32.7,0.84,70.39,50.0,-1.0,903.0,0.17,Jun 2026
BSE,,3530.0,57.9,164.0,58.0,44.8,0.28,,124.0,136.0,3104.0,0.0,Jun 2026
BAJAJ-AUTO,,11432.0,26.7,1389.0,28.2,29.2,1.31,55.01,21.0,32.0,2597.0,0.58,Jun 2026
BAJFINANCE,,1054.0,32.0,183.0,10.9,18.2,0.51,54.68,19.0,13.0,-65790.0,,Jun 2026
BAJAJFINSV,,1909.0,30.7,487.0,10.6,13.2,0.08,58.72,16.0,6.0,-55301.0,5.52,Jun 2026
BAJAJHLDNG,,10970.0,15.1,6573.0,11.0,11.9,1.32,51.46,19.0,13.0,4780.0,0.0,Jun 2026
BAJAJHFL,,,,,,,,86.7,,,,,Jun 2026
BALKRISIND,,2307.0,31.7,567.0,11.2,9.66,0.69,58.3,1.0,-3.0,2249.0,0.38,Jun 2026
BALRAMCHIN,,596.0,33.3,205.0,9.28,9.54,0.59,42.86,10.0,14.0,599.0,0.77,Jun 2026
BANDHANBNK,,,,,,,,37.54,,,,,Jun 2026
BANKBARODA,,242.0,5.66,326.0,5.63,12.7,3.52,63.97,10.0,6.0,33426.0,,Jun 2026
BANKINDIA,,137.0,5.3,200.0,5.93,12.4,3.39,73.38,42.0,17.0,4753.0,,Jun 2026
MAHABANK,,79.3,8.09,46.4,6.03,22.6,2.78,73.6,39.0,33.0,-11336.0,,Jun 2026
BATAINDIA,,700.0,53.4,124.0,12.7,10.6,1.29,50.16,-19.0,-26.0,595.0,0.87,Jun 2026
BAYERCROP,,4226.0,387.0,84.5,20.1,15.8,3.55,71.44,,-2.0,38.0,0.34,Jun 2026
BELRISE,,233.0,45.0,58.7,14.5,12.6,0.24,61.14,17.0,,876.0,0.29,Jul 2026
BERGEPAINT,,521.0,53.7,59.3,21.6,17.3,0.77,74.98,10.0,-3.0,1540.0,0.09,Jun 2026
BDL,,,,,,,,74.93,,,,,Jun 2026
BEL,,385.0,45.8,32.8,36.5,27.6,0.62,51.14,27.0,43.0,1541.0,0.0,Jun 2026
BHARATFORG,,2165.0,91.7,200.0,12.6,12.0,0.39,44.07,33.0,32.0,1487.0,0.76,Jun 2026
BHEL,,403.0,57.7,75.1,9.14,6.23,0.35,58.17,36.0,57.0,5837.0,0.31,Jun 2026
BPCL,,316.0,8.84,231.0,25.7,28.8,5.54,52.98,107.0,19.0,50769.0,0.54,Jun 2026
BHARTIARTL,,1957.0,45.9,245.0,17.6,20.3,1.23,50.07,45.0,30.0,122230.0,1.31,Jun 2026
BHARTIHEXA,,,,,,,,70.0,,,,,Jun 2026
BIKAJI,,644.0,61.7,64.1,19.8,17.5,0.19,73.88,24.0,10.0,304.0,0.19,Jun 2026
GROWW,,192.0,49.4,15.4,37.3,28.8,0.0,27.14,66.0,,-21.0,0.03,Jun 2026
BIOCON,,425.0,178.0,210.0,3.61,1.4,0.12,44.68,-15.0,18.0,1994.0,0.45,Jun 2026
BSOFT,,306.0,14.4,147.0,21.2,14.1,2.12,40.38,18.0,-11.0,481.0,0.03,Jun 2026
BLUEDART,,5026.0,42.5,749.0,16.6,16.8,0.5,75.0,-8.0,-9.0,810.0,0.64,Jun 2026
BLUEJET,,612.0,82.4,,57.3,52.1,0.2,73.15,,,129.0,0.16,Jul 2026
BLUESTARCO,,1691.0,62.2,167.0,21.2,17.2,0.5,36.49,26.0,29.0,154.0,0.24,Jun 2026
BBTC,,1493.0,8.81,1009.0,33.0,18.7,1.14,74.04,31.0,10.0,2419.0,0.23,Jun 2026
BOSCHLTD,,41550.0,58.7,5033.0,21.5,14.6,0.65,70.54,14.0,30.0,2175.0,0.01,Jun 2026
FIRSTCRY,,212.0,,92.5,0.57,-2.37,0.0,,21.0,,365.0,0.33,Jun 2026
BRIGADE,,565.0,28.2,209.0,10.5,10.5,0.35,41.1,35.0,8.0,-137.0,0.93,Jun 2026
BRITANNIA,,5524.0,52.6,212.0,56.0,53.5,1.64,50.55,8.0,5.0,2612.0,0.27,Jun 2026
MAPMYINDIA,,1185.0,63.0,165.0,19.1,12.0,0.3,51.41,2.0,-8.0,93.0,0.01,Jun 2026
CCL,,1174.0,36.2,176.0,15.8,18.0,0.43,46.14,11.0,24.0,858.0,0.56,Jun 2026
CESC,,165.0,14.2,94.5,10.6,12.6,3.64,52.11,6.0,28.0,4057.0,1.73,Jun 2026
CGPOWER,,833.0,103.0,50.6,26.7,20.5,0.16,56.36,10.0,27.0,702.0,0.01,Jun 2026
CIEINDIA,,412.0,17.4,204.0,14.7,11.8,1.7,65.7,127.0,-7.0,1258.0,0.07,Jun 2026
CRISIL,,4407.0,36.4,447.0,32.6,24.5,0.57,66.64,7.0,4.0,756.0,0.1,Jun 2026
CANFINHOME,,,,,,,,29.99,,,,,Jun 2026
CANBK,,124.0,5.68,136.0,6.52,16.1,3.38,62.93,18.0,22.0,7942.0,,Jun 2026
CANHLIFE,,,,,,,,62.0,,,,,Jun 2026
CAPLIPOINT,,2536.0,30.1,472.0,24.6,20.6,0.24,70.57,20.0,41.0,523.0,0.0,Jun 2026
CGCL,,221.0,18.8,74.9,11.7,16.5,0.09,59.92,67.0,4.0,-8728.0,,Jun 2026
CARBORUNIV,,1051.0,77.7,205.0,10.5,6.92,0.38,38.9,-14.0,-5.0,367.0,0.11,Jun 2026
CARTRADE,,2792.0,56.2,519.0,11.8,9.69,0.0,,89.0,77.0,257.0,0.06,Jun 2026
CASTROLIND,,,,,,,,51.0,,,,,Jun 2026
CEATLTD,,3464.0,22.0,1247.0,19.2,16.1,1.01,47.29,54.0,12.0,1786.0,0.65,Jun 2026
CEMPRO,,1359.0,38.7,140.0,32.8,27.8,0.22,67.46,68.0,94.0,500.0,0.42,Jun 2026
CENTRALBK,,31.0,6.15,45.2,5.64,11.9,3.87,81.19,39.0,1.0,2804.0,,Jun 2026
CDSL,,1336.0,61.2,93.8,32.0,24.5,0.95,15.0,18.0,30.0,467.0,0.0,Jun 2026
CHALET,,805.0,32.9,169.0,17.1,19.2,0.12,67.29,60.0,18.0,1067.0,0.64,Jun 2026
CHAMBLFERT,,446.0,9.26,260.0,25.5,20.4,2.47,61.34,25.0,17.0,138.0,0.1,Jun 2026
CHENNPETRO,,1238.0,4.42,746.0,35.1,32.1,5.01,67.29,-4.0,45.0,2945.0,0.18,Jun 2026
CHOICEIN,,799.0,81.7,75.0,18.0,16.1,0.0,53.66,54.0,65.0,-267.0,0.54,Jun 2026
CHOLAHLDNG,,1503.0,11.6,823.0,9.75,17.5,0.09,46.44,24.0,16.0,-30033.0,,Jun 2026
CHOLAFIN,,1774.0,26.3,357.0,9.71,19.4,0.11,49.23,25.0,16.0,-30021.0,,Jun 2026
CIPLA,,1466.0,33.1,426.0,15.5,11.6,0.89,29.22,10.0,8.0,3940.0,0.02,Jun 2026
CUB,,,,,,,,,,,,,Jun 2026
CLEAN,,729.0,33.8,149.0,20.6,15.3,0.82,51.29,-8.0,-18.0,275.0,0.0,Jun 2026
COALINDIA,,417.0,8.24,193.0,35.3,28.5,5.09,61.13,-1.0,22.0,43215.0,0.12,Jun 2026
COCHINSHIP,,1402.0,51.5,223.0,16.0,12.5,0.7,67.91,40.0,61.0,-1234.0,0.28,Jun 2026
COFORGE,,1747.0,40.3,284.0,23.5,20.6,0.69,,31.0,23.0,1792.0,0.08,Jun 2026
COHANCE,,425.0,82.4,102.0,8.35,7.04,0.0,57.49,-21.0,-5.0,368.0,0.1,Jun 2026
COLPAL,,2085.0,131.0,12.1,179.0,158.0,2.45,51.0,33.0,1.0,404.0,0.02,Jun 2026
CAMS,,793.0,44.5,53.3,47.0,36.3,1.58,0.0,17.0,19.0,584.0,0.05,Jun 2026
CONCORDBIO,,1330.0,58.3,193.0,17.1,12.5,0.57,44.08,0.0,,267.0,0.0,Jun 2026
CONCOR,,525.0,32.2,170.0,12.4,9.81,1.45,54.8,2.0,-2.0,1482.0,0.07,Jun 2026
COROMANDEL,,2054.0,32.5,426.0,22.0,16.4,0.54,56.35,-1.0,26.0,1558.0,0.12,Jun 2026
CRAFTSMAN,,10047.0,56.1,1368.0,13.9,12.5,0.11,42.41,16.0,29.0,522.0,1.11,Jun 2026
CREDITACC,,1614.0,21.4,490.0,9.98,10.5,0.0,66.21,-2.0,3.0,-2770.0,,Jun 2026
CROMPTON,,260.0,49.9,46.1,18.1,10.6,1.15,,-10.0,-4.0,723.0,0.07,Jun 2026
CUMMINSIND,,5396.0,61.7,306.0,39.5,30.2,1.22,51.0,26.0,40.0,1734.0,0.0,Jun 2026
CYIENT,,848.0,23.1,511.0,12.3,8.61,3.07,24.7,-5.0,-17.0,787.0,0.08,Jul 2026
DCMSHRIRAM,,1056.0,12.0,495.0,11.5,11.5,1.06,66.53,-1.0,8.0,1234.0,0.38,Jun 2026
DLF,,655.0,38.8,184.0,6.32,9.5,1.22,74.08,27.0,8.0,6347.0,0.01,Jun 2026
DOMS,,2255.0,59.5,201.0,24.3,20.7,0.14,63.38,34.0,,254.0,0.12,Jun 2026
DABUR,,426.0,38.1,64.4,20.3,17.0,1.94,66.24,4.0,-10.0,2579.0,0.11,Jun 2026
DALBHARAT,,1794.0,30.6,959.0,7.59,6.11,0.5,55.84,-1.0,-3.0,2278.0,0.41,Jun 2026
DATAPATTNS,,,,,,,,42.41,,,,,Jun 2026
DEEPAKFERT,,1532.0,19.7,542.0,11.6,11.3,0.65,45.63,-15.0,41.0,206.0,0.83,Jun 2026
DEEPAKNTR,,1644.0,40.7,428.0,11.4,9.82,0.46,49.34,-13.0,-6.0,539.0,0.28,Jun 2026
DELHIVERY,,468.0,197.0,129.0,2.82,1.87,0.0,,30.0,5.0,911.0,0.15,Jun 2026
DEVYANI,,119.0,,12.5,4.75,-1.56,0.0,61.37,,-15.0,927.0,2.49,Jun 2026
DIVISLAB,,7835.0,79.2,631.0,22.0,16.5,0.38,51.88,13.0,29.0,2738.0,0.0,Jun 2026
DIXON,,14338.0,60.9,769.0,42.0,37.4,0.06,28.55,77.0,52.0,1782.0,0.21,Jun 2026
LALPATHLAB,,1879.0,56.0,150.0,28.0,22.3,0.75,53.19,30.0,17.0,636.0,0.08,Jun 2026
DRREDDY,,1145.0,29.6,454.0,13.0,11.2,0.7,26.63,-4.0,0.0,5674.0,0.2,Jun 2026
EIDPARRY,,763.0,20.8,493.0,17.0,7.85,0.0,41.28,-11.0,15.0,1542.0,0.4,Jun 2026
EIHOTEL,,332.0,29.1,84.2,20.7,14.5,0.45,32.85,25.0,16.0,993.0,0.05,Jun 2026
EICHERMOT,,7912.0,37.3,915.0,30.5,24.0,1.04,49.03,24.0,33.0,4805.0,0.02,Jun 2026
ELECON,,417.0,31.0,103.0,20.9,16.4,0.48,59.28,14.0,3.0,314.0,0.12,Jun 2026
ELGIEQUIP,,569.0,46.3,70.4,22.1,19.0,0.47,31.19,11.0,2.0,454.0,0.24,Jun 2026
EMAMILTD,,403.0,22.4,67.0,29.6,27.9,2.48,54.84,8.0,-4.0,801.0,0.06,Jun 2026
EMCURE,,1911.0,38.3,261.0,24.0,20.1,0.16,77.83,21.0,,944.0,0.31,Jun 2026
EMMVEE,,307.0,16.7,53.4,44.8,51.1,0.0,80.03,395.0,,200.0,0.1,Jun 2026
ENDURANCE,,2804.0,42.3,486.0,17.8,14.9,0.41,75.0,26.0,18.0,1851.0,0.19,Jun 2026
ENGINERSIN,,222.0,18.0,56.0,30.6,23.8,1.8,51.32,26.0,12.0,319.0,0.01,Jun 2026
ERIS,,1375.0,29.0,282.0,14.1,18.7,0.53,54.14,19.0,20.0,538.0,0.6,Jun 2026
ESCORTS,,3014.0,15.8,1106.0,13.9,18.7,1.1,68.04,47.0,6.0,1381.0,0.01,Jun 2026
ETERNAL,,311.0,693.0,32.1,2.97,1.19,0.0,,33.0,55.0,632.0,0.15,Jun 2026
EXIDEIND,,453.0,41.0,164.0,8.54,5.97,0.44,45.99,2.0,22.0,2413.0,0.11,Jun 2026
NYKAA,,334.0,457.0,5.02,17.2,15.3,0.0,52.07,122.0,32.0,644.0,0.86,Jun 2026
FEDERALBNK,,354.0,18.7,162.0,6.39,11.6,0.34,,11.0,38.0,4349.0,,Jun 2026
FACT,,815.0,3567.0,21.2,8.65,1.61,0.02,90.0,-63.0,20.0,140.0,2.79,Jun 2026
FINCABLES,,973.0,20.8,398.0,16.0,12.3,0.82,35.86,12.0,-3.0,49.0,0.0,Jun 2026
FSL,,300.0,28.3,62.0,16.8,17.6,1.84,53.66,14.0,28.0,1214.0,0.67,Jun 2026
FIVESTAR,,553.0,104.0,,17.0,16.0,0.36,18.61,125.0,-9.0,-951.0,,Jun 2026
FORCEMOT,,17618.0,21.1,3183.0,36.1,29.2,0.23,61.63,221.0,90.0,1297.0,0.0,Jun 2026
FORTIS,,949.0,67.7,131.0,13.4,11.2,0.11,31.17,27.0,40.0,1601.0,0.35,Jun 2026
GAIL,,174.0,15.0,135.0,9.68,8.71,4.32,51.79,10.0,13.0,11249.0,0.28,Jun 2026
GVT&D,,4202.0,576.0,41.9,,18.6,0.24,51.0,,155.0,108.0,0.89,Jun 2026
GMRAIRPORT,,104.0,528.0,-2.35,11.6,,0.0,67.16,43.0,26.0,4884.0,-17.45,Jun 2026
GABRIEL,,1392.0,55.5,95.3,25.6,20.2,0.34,63.55,,84.0,345.0,0.11,Jun 2026
GALLANTT,,585.0,32.2,137.0,18.2,15.7,0.21,70.03,51.0,85.0,602.0,0.17,Jun 2026
GRSE,,,,,,,,74.5,,,,,Jun 2026
GICRE,,357.0,6.48,402.0,17.4,14.6,2.8,77.4,12.0,20.0,466.0,-0.0,Jun 2026
GILLETTE,,,,,,,,75.0,,,,,Jun 2026
GLAND,,2517.0,39.8,629.0,15.1,10.7,0.79,51.77,8.0,24.0,1031.0,0.03,Jun 2026
GLAXO,,2611.0,46.0,134.0,61.4,45.6,2.18,75.0,18.0,23.0,903.0,0.01,Jun 2026
GLENMARK,,2190.0,20.9,372.0,39.8,30.5,0.11,46.65,76.0,41.0,3445.0,0.06,Jun 2026
MEDANTA,,1416.0,66.5,147.0,17.1,15.2,0.04,33.0,20.0,26.0,714.0,0.3,Jun 2026
GODIGIT,,,,,,,,73.0,,,,,Jun 2026
GPIL,,249.0,20.6,86.5,20.4,15.2,0.4,63.18,0.0,30.0,1157.0,0.08,Jun 2026
GODFRYPHLP,,2132.0,24.3,398.0,32.8,26.6,2.35,72.58,37.0,44.0,518.0,0.04,Jun 2026
GODREJCP,,1072.0,55.4,124.0,18.8,16.1,1.87,53.06,5.0,1.0,2488.0,0.35,Jun 2026
GODREJIND,,1309.0,44.6,332.0,8.17,9.26,0.0,74.64,5.0,40.0,-8855.0,4.61,Jun 2026
GODREJPROP,,2111.0,39.5,636.0,7.63,8.82,0.47,51.66,49.0,7.0,-2003.0,0.83,Jun 2026
GRANULES,,834.0,31.8,205.0,15.5,13.8,0.21,38.01,5.0,37.0,793.0,0.3,Jun 2026
GRAPHITE,,666.0,71.4,300.0,4.58,3.11,1.05,65.34,-8.0,15.0,83.0,0.06,Jun 2026
GRASIM,,3105.0,42.2,1520.0,8.01,4.98,0.32,43.73,-10.0,19.0,-17810.0,2.2,Jun 2026
GRAVITA,,1578.0,29.7,332.0,17.0,16.8,0.4,55.88,23.0,33.0,169.0,0.3,Jun 2026
GESHIP,,1371.0,7.88,1188.0,15.8,15.9,2.56,30.08,0.0,20.0,2854.0,0.06,Jun 2026
FLUOROCHEM,,4395.0,82.1,716.0,9.86,7.78,0.07,61.39,-24.0,17.0,961.0,0.29,Jun 2026
GMDCLTD,,560.0,31.6,222.0,10.8,8.34,1.8,74.0,-22.0,46.0,744.0,0.04,Jun 2026
HEG,,659.0,36.0,247.0,8.35,7.42,0.52,56.27,-14.0,22.0,213.0,0.17,Jun 2026
HBLENGINE,,699.0,23.1,79.9,58.4,45.3,0.29,59.11,105.0,54.0,738.0,0.03,Jun 2026
HCLTECH,,1353.0,20.3,277.0,30.4,23.8,3.99,60.88,6.0,7.0,19975.0,0.07,Jun 2026
HDBFS,,681.0,26.0,,9.79,14.7,0.59,74.12,,,-13626.0,,Jun 2026
HDFCAMC,,2546.0,37.0,215.0,42.9,32.9,2.12,52.34,26.0,26.0,2528.0,0.0,Jun 2026
HDFCBANK,,754.0,14.7,390.0,7.02,13.6,1.72,,18.0,-3.0,113506.0,,Jun 2026
HDFCLIFE,,545.0,60.0,90.0,10.3,11.3,0.39,50.54,12.0,-6.0,22625.0,0.17,Jun 2026
HFCL,,185.0,49.4,32.0,10.9,6.95,0.05,28.29,1.0,43.0,-378.0,0.36,Jun 2026
HAVELLS,,1262.0,47.5,151.0,24.9,19.0,0.79,59.35,16.0,-2.0,1572.0,0.03,Jun 2026
HEROMOTOCO,,5325.0,18.6,1080.0,35.2,28.1,3.47,34.73,28.0,18.0,8315.0,0.04,Jun 2026
HEXT,,576.0,24.8,110.0,30.1,24.9,2.0,74.3,18.0,,1739.0,0.1,Jun 2026
HSCL,,760.0,48.0,93.3,22.1,17.8,0.11,52.49,47.0,76.0,382.0,0.16,Jun 2026
HINDALCO,,970.0,12.9,608.0,13.2,13.0,0.52,34.67,19.0,28.0,10250.0,0.73,Jun 2026
HAL,,4581.0,33.6,614.0,32.0,24.0,0.98,71.64,16.0,32.0,10906.0,0.0,Jun 2026
HINDCOPPER,,480.0,47.0,34.6,42.5,32.9,0.3,66.14,50.0,50.0,1474.0,0.03,Jun 2026
HINDPETRO,,388.0,49.5,308.0,22.2,30.9,6.24,54.9,66.0,27.0,36111.0,0.85,Jun 2026
HINDUNILVR,,2108.0,44.9,207.0,28.4,31.0,1.95,61.9,14.0,-5.0,10999.0,0.03,Jun 2026
HINDZINC,,536.0,13.3,53.6,69.5,76.6,2.05,60.71,10.0,19.0,17008.0,0.39,Jun 2026
POWERINDIA,,,,,,,,71.31,,,,,Jun 2026
HOMEFIRST,,,,,,,,6.98,,,,,Jun 2026
HONASA,,446.0,71.4,43.4,19.2,15.7,0.0,35.47,118.0,,141.0,0.1,Jun 2026
HONAUT,,,,,,,,75.0,,,,,Jun 2026
HUDCO,,197.0,9.28,110.0,8.41,20.2,2.31,75.0,33.0,45.0,-33912.0,,Jun 2026
HYUNDAI,,2018.0,33.1,246.0,38.4,29.9,1.04,82.5,5.0,,7321.0,0.05,Jun 2026
ICICIBANK,,1434.0,18.4,527.0,7.18,15.9,0.84,,17.0,13.0,67325.0,,Jun 2026
ICICIGI,,,,,,,,51.22,,,,,Jun 2026
ICICIAMC,,3051.0,51.3,,,,0.89,87.59,,,,,Jun 2026
ICICIPRULI,,511.0,46.1,94.0,10.1,12.6,0.32,72.73,26.0,-4.0,-5355.0,0.19,Jun 2026
IDBI,,84.0,9.69,63.8,5.92,14.1,2.5,94.72,35.0,13.0,16762.0,,Jun 2026
IDFCFIRSTB,,84.8,31.7,56.2,5.98,3.78,0.29,0.0,-13.0,-1.0,6817.0,,Jun 2026
IFCI,,73.5,107.0,33.2,5.03,2.09,0.0,72.57,42.0,77.0,280.0,,Jun 2026
IIFL,,608.0,12.3,327.0,10.9,12.6,0.66,24.84,3.0,2.0,-13976.0,,Jun 2026
IRB,,20.2,24.9,17.3,7.48,4.31,0.77,30.81,8.0,15.0,2098.0,0.96,Jun 2026
IRCON,,126.0,19.8,70.6,9.69,9.19,2.11,65.17,-8.0,9.0,-618.0,0.86,Jun 2026
ITCHOTELS,,161.0,36.3,56.0,11.2,7.89,0.62,39.85,,,1110.0,0.01,Jun 2026
ITC,,285.0,17.1,57.9,38.9,29.3,5.09,,3.0,-13.0,18464.0,0.03,Jun 2026
ITI,,273.0,,19.8,1.41,-8.86,0.0,90.02,16.0,34.0,-135.0,0.4,Jun 2026
INDGN,,515.0,29.8,130.0,18.8,14.4,0.44,,16.0,,651.0,0.05,Jun 2026
INDIACEM,,399.0,91.7,327.0,1.24,0.37,0.0,75.0,28.0,22.0,-27.0,0.13,Jun 2026
INDIAMART,,1743.0,21.2,399.0,28.0,20.7,1.72,49.07,19.0,-18.0,694.0,0.01,Jun 2026
INDIANB,,827.0,8.72,623.0,6.32,15.4,2.21,73.84,28.0,34.0,18815.0,,Jun 2026
IEX,,131.0,23.1,15.3,51.4,39.4,2.66,,19.0,2.0,433.0,0.01,Jun 2026
INDHOTEL,,749.0,54.9,91.7,17.1,14.2,0.43,38.12,22.0,24.0,2471.0,0.22,Jun 2026
IOC,,140.0,4.7,155.0,18.8,20.7,5.0,51.5,63.0,14.0,76142.0,0.6,Jun 2026
IOB,,33.7,10.9,20.2,6.12,15.6,0.0,92.44,37.0,9.0,4780.0,,Jun 2026
IRCTC,,493.0,28.6,53.9,46.1,34.6,1.72,62.4,12.0,-8.0,1273.0,0.02,Jun 2026
IRFC,,,,,,,,82.9,,,,,Jun 2026
IREDA,,120.0,18.0,49.1,8.69,15.6,0.5,71.76,,,-14477.0,,Jun 2026
IGL,,152.0,13.7,82.2,17.9,14.0,2.8,45.0,-1.0,-13.0,1936.0,0.01,Jun 2026
INDUSTOWER,,393.0,14.5,150.0,19.5,19.8,0.0,51.26,50.0,32.0,15684.0,0.53,Jun 2026
INDUSINDBK,,1011.0,59.6,842.0,5.68,1.36,0.15,15.82,-51.0,-11.0,993.0,,Jun 2026
NAUKRI,,1244.0,56.7,585.0,5.43,3.91,0.68,37.48,91.0,11.0,1076.0,0.01,Jun 2026
INFY,,1155.0,15.0,225.0,40.0,31.9,4.16,13.82,8.0,-5.0,33986.0,0.1,Jun 2026
INOXWIND,,75.0,31.9,36.9,10.5,7.09,0.0,44.18,38.0,13.0,-598.0,0.25,Jun 2026
INTELLECT,,706.0,26.9,227.0,16.0,12.4,0.57,29.63,11.0,2.0,510.0,0.05,Jun 2026
INDIGO,,5230.0,,180.0,5.24,-27.1,0.19,41.57,,26.0,23470.0,11.15,Jun 2026
IGIL,,345.0,24.5,34.4,69.2,55.8,0.72,76.55,43.0,,624.0,0.1,Jun 2026
IKS,,1782.0,42.4,131.0,36.9,40.3,0.0,63.72,30.0,,674.0,0.34,Jun 2026
IPCALAB,,1759.0,37.9,318.0,17.0,15.7,0.34,44.72,37.0,26.0,1142.0,0.1,Jun 2026
JKCEMENT,,5567.0,44.1,911.0,15.1,15.6,0.36,45.66,33.0,19.0,1873.0,0.88,Jun 2026
JBMA,,678.0,69.8,65.0,14.8,15.6,0.13,67.53,22.0,-1.0,-60.0,1.97,Jun 2026
JKTYRE,,397.0,13.0,210.0,15.5,16.0,1.01,51.72,44.0,14.0,1444.0,0.81,Jun 2026
JMFINANCIL,,121.0,9.55,111.0,11.6,11.9,2.68,57.03,27.0,16.0,581.0,1.09,Jun 2026
JSWCEMENT,,131.0,27.4,48.0,11.1,14.7,0.38,72.02,68.0,,1170.0,0.68,Jun 2026
JSWDULUX,,2953.0,37.2,538.0,22.7,19.1,1.69,61.2,2.0,2.0,93.0,0.03,Jun 2026
JSWENERGY,,544.0,49.7,175.0,8.16,7.51,0.37,66.53,19.0,23.0,9898.0,2.5,Jun 2026
JSWINFRA,,319.0,48.0,51.8,13.7,15.4,0.28,73.93,29.0,,2022.0,0.63,Jun 2026
JSWSTEEL,,1271.0,25.8,409.0,11.0,10.2,0.56,44.29,35.0,16.0,25152.0,0.99,Jun 2026
JAINREC,,343.0,33.6,45.2,25.5,30.8,0.0,73.59,57.0,,-602.0,0.82,Jun 2026
JPPOWER,,17.3,14.2,18.6,6.97,3.6,0.0,24.0,97.0,42.0,1301.0,0.27,Jun 2026
J&KBANK,,154.0,7.35,154.0,5.84,15.4,1.4,59.4,26.0,32.0,-1126.0,,Jun 2026
JINDALSAW,,254.0,24.9,197.0,10.4,8.2,0.79,63.25,14.0,16.0,1771.0,0.37,Jun 2026
JSL,,738.0,18.8,240.0,19.3,17.8,0.41,62.04,15.0,23.0,3395.0,0.38,Jun 2026
JINDALSTEL,,1094.0,36.1,499.0,9.7,8.22,0.18,62.71,1.0,18.0,7204.0,0.44,Jun 2026
JIOFIN,,247.0,78.9,211.0,1.86,1.19,0.2,49.13,294.0,,-15439.0,0.16,Jun 2026
JUBLFOOD,,440.0,69.8,34.7,14.6,18.9,0.27,40.27,5.0,-3.0,1894.0,2.14,Jun 2026
JUBLINGREA,,728.0,36.5,196.0,11.4,9.51,0.69,45.22,-2.0,21.0,524.0,0.25,Jun 2026
JUBLPHARMA,,962.0,35.0,445.0,8.99,6.55,0.52,47.67,47.0,37.0,1227.0,0.51,Jun 2026
JWL,,259.0,60.5,69.7,9.16,6.39,0.39,68.31,15.0,8.0,9.0,0.33,Jun 2026
JYOTICNC,,813.0,55.0,88.0,21.3,18.2,0.0,62.55,157.0,,54.0,0.43,Jun 2026
KPRMILL,,1033.0,42.0,167.0,19.6,15.7,0.48,67.52,2.0,17.0,1108.0,0.1,Jun 2026
KEI,,4800.0,50.0,697.0,20.1,14.8,0.09,35.0,24.0,25.0,840.0,0.04,Jun 2026
KPITTECH,,590.0,25.9,129.0,26.3,21.0,1.27,38.59,21.0,-18.0,1195.0,0.24,Jun 2026
KAJARIACER,,1192.0,36.0,192.0,23.3,17.9,0.76,47.69,14.0,-6.0,664.0,0.07,Jun 2026
KPIL,,1283.0,22.4,455.0,18.3,13.7,0.86,33.58,36.0,26.0,1534.0,0.46,Jun 2026
KALYANKJIL,,635.0,47.5,61.1,20.5,24.8,0.24,62.86,44.0,54.0,1318.0,0.97,Jun 2026
KARURVYSYA,,,,,,,,2.07,,,,,Jun 2026
KAYNES,,3622.0,66.3,708.0,13.2,9.64,0.0,53.46,57.0,26.0,-600.0,0.19,Jun 2026
KEC,,469.0,19.2,231.0,14.5,11.3,1.17,50.1,55.0,-10.0,-414.0,0.87,Jun 2026
KFINTECH,,940.0,46.4,97.0,29.2,21.6,1.28,22.82,19.0,35.0,370.0,0.03,Jun 2026
KIRLOSENG,,2133.0,52.9,249.0,14.6,17.5,0.33,41.06,22.0,68.0,932.0,1.48,Jun 2026
KOTAKBANK,,389.0,19.3,182.0,6.98,11.4,0.17,25.87,9.0,2.0,41727.0,,Jun 2026
KIMS,,807.0,137.0,56.2,9.29,11.3,0.0,32.49,-9.0,28.0,511.0,1.89,Jun 2026
LTF,,306.0,24.0,112.0,8.4,11.2,0.9,65.96,256.0,32.0,-14189.0,,Jun 2026
LTTS,,3559.0,28.1,611.0,26.7,21.5,1.63,73.52,6.0,-4.0,1455.0,0.09,Jun 2026
LGEINDIA,,,,,,,,85.0,,,,,Jun 2026
LICHSGFIN,,541.0,5.18,753.0,8.59,14.4,1.85,45.24,25.0,9.0,-8504.0,,Jun 2026
LTFOODS,,397.0,21.5,130.0,17.7,14.9,0.76,51.0,16.0,30.0,910.0,0.36,Jun 2026
LTM,,4441.0,23.5,810.0,29.6,23.1,1.69,68.49,7.0,-3.0,4799.0,0.1,Jun 2026
LT,,3938.0,30.8,794.0,14.6,15.9,0.97,,17.0,14.0,16741.0,1.15,Jun 2026
LATENTVIEW,,310.0,33.2,84.8,15.8,11.9,0.0,65.1,8.0,-6.0,165.0,0.02,Jun 2026
LAURUSLABS,,1781.0,88.0,98.2,17.8,18.3,0.11,27.47,4.0,72.0,1624.0,0.48,Jun 2026
THELEELA,,468.0,38.3,192.0,8.72,8.2,0.0,75.91,106.0,,777.0,0.28,Jun 2026
LEMONTREE,,109.0,34.8,17.6,14.0,19.4,0.0,22.32,29.0,6.0,542.0,1.44,Jun 2026
LENSKART,,563.0,211.0,50.3,8.08,6.33,0.0,17.53,110.0,,1670.0,0.35,Jun 2026
LICI,,423.0,9.31,140.0,35.1,37.8,2.36,96.5,17.0,10.0,-26211.0,0.0,Jun 2026
LINDEINDIA,,6637.0,103.0,500.0,18.2,13.6,0.06,75.0,1.0,10.0,786.0,0.02,Jun 2026
LLOYDSME,,2015.0,30.5,246.0,27.3,36.6,0.05,61.63,60.0,47.0,2921.0,1.49,Jun 2026
LODHA,,1287.0,31.2,233.0,16.4,15.5,0.33,70.31,56.0,19.0,959.0,0.42,Jun 2026
LUPIN,,2421.0,19.4,491.0,29.9,28.7,0.74,46.85,140.0,35.0,7334.0,0.29,Jun 2026
MMTC,,60.1,90.0,14.1,8.66,5.23,0.0,89.93,-31.0,16.0,-605.0,0.0,Jun 2026
MRF,,134860.0,23.1,49455.0,15.7,12.5,0.17,27.76,52.0,9.0,4590.0,0.15,Jun 2026
MGL,,1118.0,15.4,651.0,18.1,13.7,2.68,32.5,2.0,0.0,1162.0,0.03,Jun 2026
M&MFIN,,393.0,16.3,192.0,8.72,12.3,1.91,52.49,12.0,11.0,-12772.0,,Jun 2026
M&M,,3284.0,21.3,749.0,15.1,20.3,1.0,18.44,23.0,31.0,11657.0,1.47,Jun 2026
MANAPPURAM,,368.0,34.8,171.0,8.25,6.97,0.95,41.66,-13.0,38.0,-20238.0,,Jun 2026
MRPL,,167.0,10.5,81.0,18.0,14.5,2.4,88.58,-10.0,26.0,2531.0,1.08,Jun 2026
MANKIND,,2576.0,49.9,395.0,13.5,13.1,0.04,72.63,17.0,14.0,3121.0,0.39,Jun 2026
MARICO,,885.0,65.6,32.4,47.0,42.8,0.45,58.92,11.0,16.0,2084.0,0.13,Jun 2026
MARUTI,,14188.0,30.4,3408.0,19.0,14.4,0.99,58.65,30.0,13.0,19100.0,0.0,Jun 2026
MFSL,,1511.0,627.0,153.0,2.95,1.57,0.0,1.25,-40.0,23.0,11473.0,0.35,Jun 2026
MAXHEALTH,,1125.0,73.8,110.0,14.7,14.7,0.18,23.71,10.0,24.0,1633.0,0.32,Jun 2026
MAZDOCK,,2319.0,32.7,242.0,36.0,29.2,0.75,81.22,32.0,35.0,-2891.0,0.05,Jun 2026
MEESHO,,182.0,,9.61,-35.6,-42.3,0.0,16.41,8.0,,-3875.0,0.01,Jun 2026
MINDACORP,,707.0,46.8,111.0,12.8,14.9,0.2,64.84,8.0,32.0,676.0,0.56,Jun 2026
MSUMI,,,,,,,,61.72,,,,,Jun 2026
MOTILALOFS,,837.0,25.4,214.0,12.7,15.5,0.72,67.2,26.0,59.0,-6071.0,1.65,Jun 2026
MPHASIS,,2347.0,23.1,563.0,22.1,18.5,2.64,30.54,5.0,1.0,1253.0,0.24,Jun 2026
MCX,,2677.0,51.3,112.0,71.4,56.3,0.22,,108.0,100.0,3035.0,0.0,Jun 2026
MUTHOOTFIN,,3009.0,11.4,975.0,15.8,30.9,1.0,73.35,43.0,31.0,-47393.0,,Jun 2026
NATCOPHARM,,930.0,11.8,515.0,17.1,16.9,0.65,49.41,26.0,4.0,1768.0,0.08,Jun 2026
NBCC,,93.6,38.2,11.2,31.0,24.1,0.72,61.75,20.0,45.0,439.0,0.0,Jun 2026
NCC,,141.0,12.7,125.0,16.8,9.19,1.56,23.09,6.0,-4.0,-459.0,0.44,Jun 2026
NHPC,,78.1,20.8,41.2,5.73,9.29,2.45,61.39,-1.0,15.0,3294.0,1.26,Jun 2026
NLCINDIA,,292.0,11.5,155.0,10.4,17.5,1.23,69.47,16.0,36.0,5166.0,1.3,Jun 2026
NMDC,,85.0,10.0,38.7,27.6,23.4,3.88,60.79,17.0,30.0,4996.0,0.19,Jun 2026
NSLNISP,,,,,,,,60.79,,,,,Jun 2026
NTPCGREEN,,90.6,126.0,22.5,3.53,2.79,0.0,89.01,45.0,,2386.0,1.67,Jun 2026
NTPC,,345.0,12.0,210.0,8.33,14.0,2.42,51.1,17.0,16.0,50902.0,1.33,Jun 2026
NH,,2080.0,50.6,222.0,15.5,20.5,0.22,63.27,12.0,27.0,1621.0,1.29,Jun 2026
NATIONALUM,,348.0,11.0,118.0,39.6,29.4,3.02,51.28,59.0,54.0,6438.0,0.0,Jun 2026
NAVA,,553.0,20.5,309.0,12.8,9.33,1.54,50.03,-14.0,44.0,2312.0,0.25,Jun 2026
NAVINFLUOR,,7386.0,58.5,775.0,21.0,19.6,0.2,27.08,21.0,20.0,894.0,0.32,Jun 2026
NESTLEIND,,1521.0,79.4,26.7,85.3,74.2,0.79,62.76,,10.0,5048.0,0.09,Jun 2026
NETWEB,,,,,,,,66.98,,,,,Jun 2026
NEULANDLAB,,19202.0,68.2,1461.0,26.5,21.2,0.18,32.62,30.0,77.0,347.0,0.16,Jun 2026
NEWGEN,,553.0,23.0,125.0,25.0,19.6,1.09,53.45,22.0,9.0,232.0,0.02,Jun 2026
NAM-INDIA,,1147.0,44.8,73.0,43.8,34.5,1.87,71.8,28.0,54.0,1466.0,0.02,Jun 2026
NIVABUPA,,,,,,,,55.3,,,,,Jun 2026
NUVAMA,,1793.0,30.2,226.0,17.5,27.4,1.55,53.98,51.0,,-3014.0,2.8,Jun 2026
NUVOCO,,349.0,30.0,286.0,7.07,4.05,0.0,72.02,-2.0,-2.0,1485.0,0.48,Jun 2026
OBEROIRLTY,,1814.0,24.9,493.0,17.3,14.6,0.44,67.71,9.0,17.0,1380.0,0.16,Jun 2026
ONGC,,242.0,7.29,296.0,14.2,11.7,5.07,58.89,1.0,11.0,112719.0,0.47,Jun 2026
OIL,,457.0,11.2,357.0,11.6,12.3,2.52,56.66,-9.0,35.0,10684.0,0.65,Jun 2026
OLAELEC,,37.8,,7.6,-19.6,-43.2,0.0,32.96,-12.0,,-775.0,0.82,Jun 2026
OLECTRA,,1327.0,61.4,150.0,21.0,15.6,0.03,50.02,39.0,5.0,104.0,0.31,Jun 2026
PAYTM,,1332.0,105.0,250.0,5.01,4.7,0.0,,34.0,19.0,-743.0,0.01,Jun 2026
ONESOURCE,,1688.0,,509.0,0.57,-1.09,0.0,30.48,24.0,,9.0,0.26,Jun 2026
OFSS,,11136.0,28.4,899.0,45.3,32.6,3.59,72.41,13.0,42.0,2638.0,0.0,Jun 2026
POLICYBZR,,1594.0,110.0,158.0,10.3,9.75,0.0,,50.0,30.0,41.0,0.05,Jun 2026
PCBL,,328.0,48.8,102.0,7.75,5.58,1.83,53.38,-21.0,28.0,1576.0,1.25,Jun 2026
PGEL,,613.0,89.4,107.0,10.3,6.69,0.04,43.37,36.0,60.0,66.0,0.2,Jun 2026
PIIND,,2777.0,35.1,740.0,15.0,11.2,0.54,46.09,-1.0,-8.0,474.0,0.03,Jun 2026
PNBHOUSING,,1033.0,11.8,738.0,9.4,12.7,0.77,28.03,30.0,18.0,-8984.0,,Jun 2026
PTCIL,,17795.0,263.0,1005.0,8.43,7.02,0.0,59.72,58.0,62.0,-69.0,0.17,Jun 2026
PVRINOX,,1131.0,35.0,751.0,6.96,3.28,0.0,27.53,39.0,-10.0,2160.0,0.92,Jun 2026
PAGEIND,,,,,,,,42.89,,,,,Jun 2026
PARADEEP,,153.0,14.6,65.3,17.1,18.9,0.65,57.86,48.0,33.0,-1012.0,1.02,Jun 2026
PATANJALI,,356.0,19.3,120.0,12.0,16.5,0.98,68.25,,-7.0,-333.0,0.21,Jun 2026
PERSISTENT,,5515.0,45.2,497.0,34.4,27.2,0.73,30.29,28.0,32.0,1767.0,0.06,Jun 2026
PETRONET,,279.0,10.7,149.0,22.7,18.6,3.59,50.0,6.0,6.0,4750.0,0.11,Jun 2026
PFIZER,,4801.0,143.0,302.0,27.2,19.8,1.56,63.92,,6.0,238.0,0.0,Jun 2026
PHOENIXLTD,,1888.0,52.1,307.0,12.8,11.6,0.13,47.25,14.0,30.0,2426.0,0.48,Jun 2026
PWL,,125.0,,15.8,4.02,-0.48,0.0,71.27,23.0,,833.0,0.23,Jun 2026
PIDILITIND,,1630.0,67.4,106.0,31.0,23.9,0.71,69.24,25.0,8.0,2828.0,0.04,Jun 2026
PINELABS,,140.0,125.0,51.3,4.16,2.46,0.0,,36.0,,395.0,0.07,Jun 2026
PIRAMALFIN,,2029.0,102.0,1242.0,6.47,0.86,0.54,46.16,-56.0,,-15892.0,2.84,Jun 2026
PPLPHARMA,,197.0,,61.4,2.52,-3.83,0.07,34.8,-31.0,25.0,1653.0,0.7,Jun 2026
POLYMED,,1667.0,51.7,306.0,14.0,11.2,0.21,62.42,24.0,10.0,246.0,0.11,Jun 2026
POLYCAB,,8896.0,46.8,798.0,33.2,23.0,0.53,61.46,28.0,23.0,3811.0,0.02,Jun 2026
POONAWALLA,,477.0,53.4,127.0,7.51,5.86,0.0,59.02,5.0,7.0,-21786.0,,Jun 2026
PFC,,426.0,5.43,403.0,9.71,20.7,4.35,55.99,18.0,27.0,-4504.0,,Jun 2026
POWERGRID,,286.0,16.7,108.0,9.74,16.5,3.15,51.34,1.0,13.0,40931.0,1.47,Jun 2026
PREMIERENE,,983.0,29.6,95.1,33.3,42.4,0.1,58.48,370.0,,1261.0,0.86,Jun 2026
PRESTIGE,,1595.0,60.4,378.0,10.4,7.53,0.13,60.95,18.0,39.0,3223.0,1.09,Jun 2026
PFOCUS,,290.0,96.0,26.9,11.5,16.5,0.0,60.73,10.0,37.0,1024.0,2.74,Jun 2026
PNB,,112.0,5.81,136.0,6.13,13.0,2.69,70.08,76.0,22.0,25635.0,,Jun 2026
RRKABEL,,2562.0,47.2,228.0,28.1,21.3,0.37,61.38,39.0,,295.0,0.13,Jun 2026
RBLBANK,,378.0,65.1,268.0,5.81,5.46,0.26,60.0,-2.0,18.0,7578.0,,Jun 2026
RECLTD,,375.0,6.15,323.0,9.71,20.0,4.95,52.63,13.0,23.0,5972.0,,Jun 2026
RHIM,,391.0,73.2,172.0,6.52,2.91,0.64,56.07,-26.0,-15.0,409.0,0.13,Jun 2026
RITES,,218.0,25.5,55.8,22.0,15.4,3.47,72.2,-9.0,-2.0,327.0,0.0,Jun 2026
RADICO,,4367.0,82.3,248.0,24.2,20.3,0.21,40.19,41.0,44.0,743.0,0.15,Jun 2026
RVNL,,223.0,53.1,47.1,10.8,9.02,0.77,72.84,-13.0,22.0,-1894.0,0.49,Jun 2026
RAILTEL,,294.0,50.4,53.7,16.2,12.0,1.1,72.84,3.0,21.0,230.0,0.03,Jun 2026
RAINBOW,,1521.0,53.9,162.0,17.4,15.9,0.23,49.84,6.0,11.0,420.0,0.54,Jun 2026
RKFORGE,,626.0,99.2,181.0,5.6,2.56,0.32,43.39,-31.0,4.0,840.0,0.74,Jun 2026
REDINGTON,,311.0,13.5,130.0,18.4,16.9,1.93,,5.0,20.0,231.0,0.28,Jun 2026
RELIANCE,,1293.0,23.4,668.0,10.3,8.91,0.46,50.48,5.0,0.0,192113.0,0.45,Jun 2026
RPOWER,,23.3,,38.8,6.11,-0.9,0.0,24.98,24.0,12.0,2824.0,0.92,Jun 2026
SBFC,,90.2,28.9,29.4,11.6,11.6,0.0,52.31,75.0,,-1415.0,,Jun 2026
SBICARD,,,,,,,,68.86,,,,,Jun 2026
SBILIFE,,,,,,,,55.32,,,,,Jun 2026
SJVN,,68.4,41.9,36.2,5.57,4.52,2.13,81.85,-23.0,6.0,1860.0,2.27,Jun 2026
SRF,,2605.0,34.5,474.0,14.6,14.3,0.35,50.26,-4.0,6.0,2554.0,0.36,Jun 2026
SAGILITY,,46.0,21.0,20.6,13.4,10.6,0.33,50.95,86.0,,1203.0,0.12,Jun 2026
SAILIFE,,1315.0,78.8,117.0,19.6,15.4,0.0,34.53,226.0,,509.0,0.12,Jun 2026
SAMMAANCAP,,160.0,,164.0,4.92,-3.18,0.0,28.34,,8.0,-7466.0,,Jun 2026
MOTHERSON,,147.0,36.3,38.8,13.4,11.2,0.41,48.6,40.0,31.0,11284.0,0.47,Jun 2026
SAPPHIRE,,195.0,2553.0,43.3,3.98,-1.03,0.0,26.06,,-11.0,507.0,1.02,Jun 2026
SARDAEN,,512.0,16.4,209.0,17.4,16.1,0.29,73.16,22.0,36.0,1735.0,0.36,Jun 2026
SAREGAMA,,521.0,47.2,87.8,17.8,13.0,0.86,60.84,5.0,10.0,100.0,0.04,Jun 2026
SCHAEFFLER,,4040.0,50.4,393.0,27.3,20.2,0.87,74.13,10.0,9.0,1290.0,0.01,Jun 2026
SCHNEIDER,,,,,,,,75.0,,,,,Jun 2026
SCI,,278.0,9.58,195.0,14.3,15.5,2.37,63.75,16.0,39.0,1343.0,0.29,Jun 2026
SHREECEM,,26455.0,56.8,6449.0,10.3,7.51,0.57,62.56,10.0,3.0,3794.0,0.08,Jun 2026
SHRIRAMFIN,,1027.0,21.4,350.0,11.5,16.4,1.05,20.3,19.0,39.0,-13281.0,,Jun 2026
SHYAMMETL,,1022.0,25.4,413.0,13.0,9.7,0.44,74.59,9.0,37.0,2024.0,0.09,Jun 2026
ENRIN,,,,,,,,75.0,,,,,Jun 2026
SIEMENS,,3659.0,46.4,389.0,21.4,19.2,0.49,75.0,23.0,17.0,-535.0,0.02,Jun 2026
SIGNATURE,,813.0,319.0,132.0,2.6,2.79,0.0,69.54,37.0,,126.0,1.61,Jun 2026
SOBHA,,1344.0,62.3,441.0,6.86,4.16,0.45,52.88,23.0,31.0,430.0,0.22,Jun 2026
SOLARINDS,,18053.0,93.7,694.0,38.1,32.6,0.06,73.15,30.0,68.0,621.0,0.24,Jun 2026
SONACOMS,,764.0,65.4,96.2,14.2,11.3,0.45,28.01,18.0,10.0,659.0,0.07,Jun 2026
SONATSOFTW,,309.0,17.0,67.9,30.7,28.2,2.56,28.17,4.0,-16.0,538.0,0.38,Jun 2026
STARHEALTH,,,,,,,,58.01,,,,,Jun 2026
SBIN,,1025.0,11.4,646.0,6.13,15.4,1.69,55.47,14.0,18.0,38097.0,,Jun 2026
SAIL,,169.0,14.5,146.0,7.79,6.43,0.95,65.0,25.0,21.0,19039.0,0.53,Jun 2026
SUMICHEM,,508.0,44.4,67.9,22.1,16.2,0.26,75.0,2.0,7.0,446.0,0.02,Jun 2026
SUNPHARMA,,2001.0,38.6,348.0,20.5,16.0,0.8,54.48,13.0,21.0,12419.0,0.06,Jun 2026
SUNTV,,512.0,13.5,321.0,16.5,12.3,2.93,75.0,-4.0,-2.0,1802.0,0.01,Jun 2026
SUNDARMFIN,,4491.0,23.6,1341.0,9.44,15.0,0.89,37.21,17.0,19.0,-5892.0,,Jun 2026
SUPREMEIND,,3460.0,42.5,486.0,20.7,15.8,1.04,48.96,3.0,-1.0,1225.0,0.01,Jun 2026
SPLPETRO,,704.0,26.9,126.0,,13.7,1.49,64.24,,17.0,247.0,0.06,Jun 2026
SUZLON,,47.4,20.6,6.96,35.1,40.6,0.0,11.7,165.0,36.0,1202.0,0.06,Jun 2026
SWANCORP,,307.0,35.0,240.0,3.87,3.68,0.05,53.96,86.0,12.0,-14.0,0.28,Jun 2026
SWIGGY,,296.0,,66.4,-24.1,-29.1,0.0,,0.0,,-2898.0,0.14,Jun 2026
SYNGENE,,399.0,54.5,120.0,9.99,7.78,0.31,52.59,-8.0,-21.0,915.0,0.09,Jun 2026
SYRMA,,1378.0,71.5,148.0,16.7,13.9,0.11,42.28,39.0,40.0,290.0,0.14,Jun 2026
TBOTEK,,1498.0,60.5,143.0,18.0,17.6,0.0,44.4,20.0,,-21.0,0.49,Jun 2026
TVSMOTOR,,4208.0,57.9,201.0,17.4,33.6,0.29,50.27,33.0,45.0,1867.0,3.43,Jun 2026
TATACAP,,361.0,28.2,108.0,8.58,12.4,0.16,85.41,17.0,,-37965.0,,Jun 2026
TATACHEM,,670.0,,832.0,3.42,1.27,1.64,37.98,-51.0,-14.0,1269.0,0.38,Jun 2026
TATACOMM,,1774.0,48.6,121.0,14.6,32.6,0.99,58.86,-15.0,0.0,4479.0,3.55,Jun 2026
TCS,,2432.0,16.4,296.0,63.0,51.8,2.63,71.77,8.0,-11.0,52094.0,0.11,Jun 2026
TATACONSUM,,1094.0,65.6,220.0,9.24,7.35,0.91,33.83,13.0,9.0,2422.0,0.13,Jun 2026
TATAELXSI,,3658.0,223.0,45.5,60.0,39.3,2.05,43.9,43.0,-20.0,143.0,0.0,Jun 2026
TATAINVEST,,679.0,79.3,578.0,1.57,1.44,0.5,73.38,20.0,39.0,279.0,0.0,Jun 2026
TMCV,,415.0,38.6,34.6,35.9,34.0,0.96,42.56,,,14981.0,0.44,Jun 2026
TMPV,,334.0,1.43,304.0,2.73,75.7,0.9,42.51,232.0,-5.0,13041.0,0.71,Jun 2026
TATAPOWER,,376.0,30.7,124.0,10.5,10.2,0.66,46.86,6.0,17.0,5993.0,1.93,Jun 2026
TATASTEEL,,187.0,19.7,81.8,12.5,11.7,2.14,32.94,10.0,15.0,35064.0,0.9,Jun 2026
TATATECH,,751.0,46.9,96.6,20.9,16.3,1.11,55.17,-1.0,,776.0,0.24,Jun 2026
TTML,,39.6,,-2.87,-12.7,,0.0,74.36,,-21.0,246.0,-7.54,Jun 2026
TECHM,,1669.0,30.7,302.0,23.1,17.5,3.06,34.96,1.0,14.0,6172.0,0.07,Jun 2026
TECHNOE,,967.0,25.0,357.0,14.8,11.4,0.93,56.93,34.0,25.0,-590.0,0.02,Jun 2026
TEGA,,1477.0,77.9,454.0,8.09,5.94,0.14,67.51,-8.0,15.0,350.0,0.12,Jun 2026
TEJASNET,,507.0,,165.0,-14.6,-26.8,0.49,53.33,,-15.0,135.0,1.43,Jun 2026
TENNIND,,539.0,34.9,29.7,60.8,44.4,0.0,74.79,18.0,,1429.0,0.04,Jun 2026
NIACL,,166.0,35.5,0.0,4.29,4.92,0.9,85.44,99.0,10.0,-4532.0,0.0,Jun 2026
RAMCOCEM,,915.0,728.0,343.0,6.13,0.38,0.27,42.55,-54.0,1.0,1611.0,0.48,Jun 2026
THERMAX,,4252.0,92.1,466.0,13.9,10.6,0.33,61.99,7.0,18.0,542.0,0.42,Jun 2026
TIMKEN,,3098.0,56.1,387.0,19.0,14.3,0.08,51.05,,-4.0,446.0,0.01,Jun 2026
TITAGARH,,825.0,69.5,182.0,10.6,6.47,0.12,40.46,7.0,8.0,322.0,0.25,Jun 2026
TITAN,,4850.0,83.6,177.0,20.5,37.7,0.31,52.9,17.0,17.0,5590.0,1.95,Jun 2026
TORNTPHARM,,4872.0,83.1,248.0,15.2,27.4,0.78,60.78,22.0,34.0,3023.0,1.79,Jul 2026
TORNTPOWER,,1424.0,31.4,379.0,13.7,12.5,1.4,51.09,4.0,28.0,5464.0,0.73,Jun 2026
TARIL,,294.0,34.1,50.5,23.3,19.1,0.07,64.36,87.0,89.0,-105.0,0.3,Jun 2026
TRAVELFOOD,,1279.0,38.2,110.0,42.4,35.3,0.0,86.19,23.0,,393.0,0.17,Jun 2026
TRENT,,2999.0,92.7,131.0,28.3,27.7,0.13,37.01,71.0,37.0,2668.0,0.37,Jun 2026
TRIDENT,,24.7,31.9,9.36,9.79,7.91,2.02,73.68,-6.0,-8.0,760.0,0.38,Jun 2026
TRITURBINE,,608.0,53.4,45.5,35.9,27.1,0.66,55.84,28.0,15.0,111.0,0.02,Jun 2026
TIINDIA,,2689.0,78.7,400.0,17.1,9.95,0.13,43.93,-11.0,-4.0,1161.0,0.1,Jun 2026
UCOBANK,,25.8,13.1,24.6,5.76,8.5,1.7,90.95,37.0,-3.0,1913.0,,Jun 2026
UNOMINDA,,1173.0,55.8,118.0,19.6,19.3,0.23,68.36,23.0,25.0,1720.0,0.4,Jun 2026
UPL,,603.0,28.2,411.0,10.1,5.64,1.0,33.5,-21.0,0.0,7855.0,0.68,Jun 2026
UTIAMC,,909.0,21.9,350.0,15.6,10.3,4.4,,2.0,4.0,407.0,0.03,Jun 2026
ULTRACEMCO,,11847.0,40.5,2600.0,12.7,11.1,2.03,59.33,17.0,13.0,15316.0,0.31,Jun 2026
UNIONBANK,,170.0,6.3,183.0,6.3,15.7,2.93,74.76,32.0,24.0,-358.0,,Jun 2026
UBL,,1436.0,111.0,171.0,10.7,7.69,0.7,70.84,2.0,-2.0,435.0,0.29,Jun 2026
UNITDSPR,,1532.0,60.2,123.0,26.4,21.4,1.11,56.68,23.0,15.0,1459.0,0.05,Jun 2026
URBANCO,,130.0,,13.9,-7.82,-12.0,0.0,19.02,8.0,,-99.0,0.06,Jun 2026
USHAMART,,502.0,28.1,108.0,19.5,15.1,0.75,40.28,9.0,14.0,655.0,0.07,Jun 2026
VTL,,602.0,20.6,363.0,8.86,7.3,0.83,65.08,-2.0,18.0,1108.0,0.18,Jun 2026
VBL,,451.0,45.1,57.9,19.7,16.2,0.33,59.43,24.0,12.0,3509.0,0.13,Jun 2026
VEDL,,268.0,9.51,127.0,16.1,38.2,16.3,54.72,17.0,39.0,39499.0,0.66,Jun 2026
VIJAYA,,1360.0,81.1,93.0,21.3,19.7,0.15,52.51,27.0,45.0,271.0,0.44,Jun 2026
VMM,,108.0,56.7,15.9,14.8,12.2,0.0,40.09,39.0,,1621.0,0.27,Jun 2026
IDEA,,12.9,,-3.3,-1.6,,0.0,25.64,6.0,16.0,19411.0,-5.38,Jun 2026
VOLTAS,,1333.0,112.0,193.0,9.04,6.1,0.3,30.3,17.0,20.0,71.0,0.16,Jun 2026
WAAREEENER,,2625.0,18.8,502.0,38.8,32.8,0.08,64.12,100.0,,1627.0,0.22,Jun 2026
WELCORP,,1655.0,18.9,347.0,22.9,19.4,0.3,49.73,119.0,73.0,3204.0,0.26,Jun 2026
WELSPUNLIV,,160.0,70.5,51.3,6.25,4.47,0.06,66.36,4.0,13.0,1175.0,0.47,Jun 2026
WHIRLPOOL,,806.0,32.5,328.0,11.1,7.75,0.62,39.76,13.0,-18.0,298.0,0.02,Jun 2026
WIPRO,,186.0,14.0,83.9,17.8,15.5,5.9,72.59,5.0,-3.0,14932.0,0.23,Jun 2026
WOCKPHARMA,,1904.0,109.0,304.0,7.55,6.11,0.0,49.09,43.0,100.0,390.0,0.45,Jun 2026
YESBANK,,22.5,18.7,16.7,5.98,7.1,0.0,,69.0,10.0,21217.0,,Jun 2026
ZFCVINDIA,,2381.0,53.7,324.0,19.4,14.6,0.17,60.0,17.0,3.0,810.0,0.01,Jun 2026
ZEEL,,112.0,38.6,122.0,2.75,2.4,2.17,3.99,95.0,-23.0,708.0,0.02,Jun 2026
ZENTEC,,1615.0,80.3,209.0,16.2,10.7,0.06,48.51,67.0,38.0,245.0,0.01,Jun 2026
ZENSARTECH,,521.0,14.9,207.0,22.8,17.3,2.88,49.0,34.0,2.0,771.0,0.02,Jun 2026
ZYDUSLIFE,,1115.0,20.5,269.0,21.1,21.2,0.09,75.02,32.0,21.0,2117.0,0.46,Jun 2026
ZYDUSWELL,,566.0,78.7,183.0,4.91,3.98,0.21,69.63,-10.0,24.0,226.0,0.55,Jun 2026
ECLERX,,1911.0,25.5,272.0,34.8,29.0,0.03,54.53,14.0,31.0,873.0,0.15,Jun 2026
